City_ID,City,Country,Lat,Lng,Max Temp,Humidity,Cloudiness,Wind Speed,Current Description
0,Kapaa,US,22.0752,-159.319,74.19,91,75,12.66,Clouds
1,Cape Town,ZA,-33.9258,18.4232,64.27,74,28,5.01,Clouds
2,Saskylakh,RU,71.9167,114.0833,3.7,98,100,5.39,Clouds
3,Shache,CN,38.4167,77.2406,51.85,54,42,10.98,Clouds
4,Mackay,AU,-21.15,149.2,66.69,94,9,5.75,Clear
5,Rikitea,PF,-23.1203,-134.9692,77.74,68,60,16.98,Rain
6,Werda,BW,-25.2667,23.2833,78.69,35,39,5.19,Clouds
7,Kavieng,PG,-2.5744,150.7967,81.68,77,100,13.94,Rain
8,Shingu,JP,33.7333,135.9833,48.36,88,100,6.26,Rain
9,Tecoanapa,MX,16.5167,-98.75,81.36,51,44,11.12,Clouds
10,Berlevag,NO,70.8578,29.0864,26.55,63,75,12.66,Snow
11,Nome,US,64.5011,-165.4064,26.67,50,0,23.02,Clear
12,Talnakh,RU,69.4865,88.3972,16.21,93,81,5.03,Clouds
13,Kongoussi,BF,13.3258,-1.5347,95.92,5,84,3.42,Clouds
14,Georgetown,MY,5.4112,100.3354,80.53,98,20,5.01,Clouds
15,Punta Arenas,CL,-53.15,-70.9167,53.71,47,75,24.16,Clouds
16,Busselton,AU,-33.65,115.3333,71.2,68,0,11.32,Clear
17,Saint George,US,37.1041,-113.5841,70.63,31,0,3.44,Clear
18,Nyeri,KE,-0.4201,36.9476,60.1,94,100,4.68,Rain
19,Bethel,US,41.3712,-73.414,62.69,80,100,10.36,Clouds
20,Padang,ID,-0.9492,100.3543,76.33,84,26,3.69,Clouds
21,Albany,US,42.6001,-73.9662,57.42,81,92,3.0,Clouds
22,Mar Del Plata,AR,-38.0023,-57.5575,62.62,78,40,11.99,Clouds
23,Pisco,PE,-13.7,-76.2167,73.45,60,0,6.91,Clear
24,New Norfolk,AU,-42.7826,147.0587,54.9,66,70,1.01,Clouds
25,Kruisfontein,ZA,-34.0033,24.7314,64.89,78,100,4.63,Clouds
26,Riyadh,SA,24.6877,46.7219,84.34,10,0,6.51,Clear
27,Chuy,UY,-33.6971,-53.4616,64.74,52,34,14.58,Clouds
28,Saint-Philippe,RE,-21.3585,55.7679,78.39,70,69,14.72,Clouds
29,Oudtshoorn,ZA,-33.5907,22.2014,59.36,77,60,8.34,Clouds
30,Kasane,BW,-17.8167,25.15,72.12,67,97,4.03,Clouds
31,Yellowknife,CA,62.456,-114.3525,17.42,79,100,10.36,Snow
32,Avarua,CK,-21.2078,-159.775,73.45,100,10,3.44,Clear
33,Arraial Do Cabo,BR,-22.9661,-42.0278,84.16,78,20,12.66,Clouds
34,Kirakira,SB,-10.4544,161.9205,79.39,84,100,3.27,Clouds
35,Codrington,AU,-38.2667,141.9667,58.86,60,73,14.63,Clouds
36,Ilulissat,GL,69.2167,-51.1,17.11,92,59,4.85,Clouds
37,Leningradskiy,RU,69.3833,178.4167,-6.23,93,97,1.1,Clouds
38,Mataura,NZ,-46.1927,168.8643,44.91,88,100,1.88,Clouds
39,Bambous Virieux,MU,-20.3428,57.7575,79.05,78,75,16.11,Rain
40,Victoria,HK,22.2855,114.1577,76.17,84,43,15.99,Clouds
41,Hobart,AU,-42.8794,147.3294,55.26,73,100,12.66,Clouds
42,Nikolskoye,RU,59.7035,30.7861,28.29,94,55,2.06,Clouds
43,Itatiaia,BR,-22.4961,-44.5633,80.46,76,87,4.79,Clouds
44,Upernavik,GL,72.7868,-56.1549,17.58,96,100,12.3,Clouds
45,Termoli,IT,41.9888,14.9895,61.57,68,100,19.66,Clouds
46,Arcachon,FR,44.5875,-1.0519,48.52,87,75,11.5,Rain
47,Beringovskiy,RU,63.05,179.3167,4.93,93,100,21.39,Snow
48,Klaksvik,FO,62.2266,-6.589,38.32,61,100,4.45,Clouds
49,Dodge City,US,37.7528,-100.0171,50.25,35,62,8.99,Clouds
50,Jertih,MY,5.7336,102.4897,76.59,91,75,2.93,Clouds
51,Ushuaia,AR,-54.8,-68.3,51.42,62,40,11.5,Clouds
52,Oranjestad,AW,12.524,-70.027,85.95,58,40,21.85,Clouds
53,Roald,NO,62.5833,6.1333,37.54,70,0,4.61,Clear
54,Bluff,NZ,-46.6,168.3333,48.63,62,100,11.12,Clouds
55,Hermanus,ZA,-34.4187,19.2345,64.8,71,49,9.71,Clouds
56,Kargopol,RU,61.5071,38.9456,10.53,97,22,3.24,Clouds
57,Castro,BR,-24.7911,-50.0119,58.15,98,99,8.75,Clouds
58,Vaini,TO,-21.2,-175.2,80.71,77,100,9.46,Rain
59,Sinjar,IQ,36.3209,41.8754,63.72,35,2,6.17,Clear
60,Sailana,IN,23.4667,74.9167,85.8,16,0,7.43,Clear
61,Caiaponia,BR,-16.9567,-51.8103,85.03,51,35,4.65,Clouds
62,Tigre,AR,-34.426,-58.5796,67.26,32,0,10.36,Clear
63,Canasgordas,CO,6.7499,-76.0254,68.18,87,100,0.83,Clouds
64,Airai,TL,-8.9266,125.4092,56.95,85,8,2.01,Clear
65,Manokwari,ID,-0.8667,134.0833,77.65,84,100,4.41,Clouds
66,Tuktoyaktuk,CA,69.4541,-133.0374,-22.0,69,40,9.22,Clouds
67,Mahebourg,MU,-20.4081,57.7,79.09,78,75,16.11,Clouds
68,Lompoc,US,34.6391,-120.4579,63.12,76,75,13.8,Clouds
69,Maarianhamina,AX,60.0973,19.9348,28.26,80,0,3.44,Clear
70,Baruun-Urt,MN,46.6806,113.2792,25.5,31,88,7.47,Clouds
71,Tigil,RU,57.8,158.6667,14.29,96,100,2.44,Clouds
72,Tasiilaq,GL,65.6145,-37.6368,34.3,99,100,7.05,Snow
73,Thanh Hoa,VN,19.8,105.7667,69.57,82,48,13.42,Clouds
74,Nisia Floresta,BR,-6.0911,-35.2086,86.81,58,58,12.33,Clouds
75,Birjand,IR,32.8663,59.2211,55.87,8,0,6.91,Clear
76,Severo-Kurilsk,RU,50.6789,156.125,29.16,87,94,17.31,Snow
77,Lebu,CL,-37.6167,-73.65,56.95,63,6,22.59,Clear
78,Egvekinot,RU,66.3167,-179.1667,2.34,88,90,17.2,Clouds
79,Najran,SA,17.4924,44.1277,72.25,15,0,5.08,Clear
80,Rabo De Peixe,PT,37.8,-25.5833,62.11,88,75,9.22,Clouds
81,Atherton,GB,53.5237,-2.4935,43.99,66,97,4.0,Clouds
82,Zhezkazgan,KZ,47.8043,67.7144,44.53,50,100,4.83,Clouds
83,Zabol,AF,32.25,67.25,58.01,21,0,8.57,Clear
84,Gombong,ID,-7.6072,109.5142,76.37,88,89,3.0,Rain
85,Galeana,MX,24.8333,-100.0667,71.67,20,72,2.26,Clouds
86,Iqaluit,CA,63.7506,-68.5145,28.13,92,100,6.91,Snow
87,Flin Flon,CA,54.7682,-101.865,33.64,51,75,5.75,Clouds
88,Morant Bay,JM,17.8815,-76.4093,90.72,72,20,15.21,Clouds
89,Kahului,US,20.8947,-156.47,76.84,81,0,11.01,Clear
90,Tandil,AR,-37.3217,-59.1332,61.12,47,42,10.45,Clouds
91,Preobrazheniye,RU,42.9019,133.9064,31.93,58,12,9.91,Clouds
92,Kloulklubed,PW,7.0419,134.2556,79.14,82,100,8.23,Clouds
93,Flinders,AU,-34.5833,150.8552,58.17,89,100,8.99,Rain
94,Geraldton,AU,-28.7667,114.6,75.61,78,40,9.22,Rain
95,Leh,IN,34.1667,77.5833,23.31,53,1,6.08,Clear
96,Souillac,MU,-20.5167,57.5167,79.18,78,75,16.11,Clouds
97,Lima,PE,-12.0432,-77.0282,71.85,64,0,9.22,Clear
98,Atar,MR,20.5169,-13.0499,90.84,11,32,11.03,Clouds
99,Barrow,US,71.2906,-156.7887,-16.58,69,0,14.97,Clear
100,Nouadhibou,MR,20.931,-17.0347,75.18,50,0,19.57,Sand
101,Dikson,RU,73.5069,80.5464,7.38,96,53,8.01,Clouds
102,Cabo San Lucas,MX,22.8909,-109.9124,81.61,53,88,3.0,Clouds
103,Vostok,RU,46.4856,135.8833,14.0,97,95,3.89,Snow
104,Fortuna,US,40.5982,-124.1573,51.98,68,20,13.8,Clouds
105,Saldanha,ZA,-33.0117,17.9442,64.45,75,49,24.63,Clouds
106,Otofuke,JP,42.9917,143.2003,29.64,78,56,7.94,Clouds
107,Mackenzie,CA,55.2999,-123.1698,38.05,69,15,2.13,Clouds
108,Pathein,MM,16.7833,94.7333,75.83,91,19,6.96,Clouds
109,Sungaipenuh,ID,-2.0833,101.3833,64.71,80,98,2.08,Clouds
110,Port Alfred,ZA,-33.5906,26.891,64.18,92,100,1.99,Clouds
111,Qaanaaq,GL,77.484,-69.3632,22.41,70,53,4.83,Clouds
112,Campobasso,IT,41.6333,14.5833,53.82,89,96,10.18,Clouds
113,Cherskiy,RU,68.75,161.3,-15.16,100,99,4.61,Clouds
114,Mount Isa,AU,-20.7333,139.5,74.97,25,0,17.27,Clear
115,Luderitz,NA,-26.6481,15.1594,64.76,69,0,23.35,Clear
116,Hay River,CA,60.8156,-115.7999,17.58,86,100,18.41,Snow
117,Sistranda,NO,63.7256,8.834,33.76,60,100,13.47,Clouds
118,Gewane,ET,10.1664,40.6453,85.84,20,5,10.42,Clear
119,Makasar,ID,-5.14,119.4221,75.25,100,20,2.3,Clouds
120,Khatanga,RU,71.9667,102.5,-2.81,99,48,5.14,Clouds
121,Koumac,NC,-20.5667,164.2833,78.21,86,8,4.41,Clear
122,Vao,NC,-22.6667,167.4833,78.6,85,0,12.44,Clear
123,Agrestina,BR,-8.4581,-35.9447,78.67,75,99,7.23,Clouds
124,Provideniya,RU,64.3833,-173.3,18.32,84,100,19.42,Clouds
125,Atuona,PF,-9.8,-139.0333,78.55,73,15,9.28,Clouds
126,Bongandanga,CD,1.5,21.05,81.12,55,91,1.99,Clouds
127,Xichang,CN,27.8964,102.2634,44.42,93,100,5.48,Clouds
128,Camacha,PT,33.0833,-16.3333,60.22,72,75,11.5,Clouds
129,Richards Bay,ZA,-28.783,32.0377,74.57,84,4,9.44,Clear
130,Ancud,CL,-41.8697,-73.8203,62.22,62,100,4.97,Clouds
131,Zlitan,LY,32.4674,14.5687,66.9,61,36,13.67,Clouds
132,Faanui,PF,-16.4833,-151.75,82.35,65,39,15.43,Clouds
133,San Patricio,US,28.017,-97.5169,78.89,31,8,4.23,Clear
134,Teguise,ES,29.0605,-13.564,66.42,60,20,19.57,Clouds
135,Baherden,TM,38.4362,57.4316,67.05,29,40,5.44,Clouds
136,Constitucion,CL,-35.3333,-72.4167,66.87,44,0,16.28,Clear
137,Nanortalik,GL,60.1432,-45.2371,37.81,86,100,6.33,Clouds
138,Luganville,VU,-15.5333,167.1667,78.96,87,98,1.01,Clouds
139,Komsomolskiy,UZ,40.4272,71.7189,52.52,66,0,2.3,Clear
140,Deputatskiy,RU,69.3,139.9,-20.92,100,33,4.52,Clouds
141,Opuwo,NA,-18.0607,13.84,76.41,56,77,0.11,Clouds
142,Hualmay,PE,-11.0964,-77.6139,75.13,72,50,10.25,Clouds
143,Wawa,NG,9.9022,4.4192,95.7,23,10,3.96,Clear
144,Bredasdorp,ZA,-34.5322,20.0403,62.73,61,87,7.05,Clouds
145,Vila Franca Do Campo,PT,37.7167,-25.4333,63.01,82,99,4.36,Clouds
146,Faya,SA,18.3851,42.4509,68.11,41,0,8.28,Clear
147,Nyurba,RU,63.2842,118.3319,28.65,97,100,6.93,Snow
148,Rio Grande,BR,-32.035,-52.0986,68.11,44,3,11.74,Clear
149,Jacareacanga,BR,-6.2222,-57.7528,77.94,83,100,1.54,Clouds
150,College,US,64.8569,-147.8028,18.21,44,75,6.91,Clouds
151,Coracao De Jesus,BR,-16.6853,-44.365,90.46,29,14,7.7,Clouds
152,Parrita,CR,9.5201,-84.3225,86.9,58,81,7.47,Clouds
153,Tiksi,RU,71.6872,128.8694,1.71,99,100,6.62,Clouds
154,Shitanjing,CN,39.2342,106.3439,42.03,31,56,6.46,Clouds
155,Oktyabrskoye,RU,43.0645,44.7417,48.34,53,72,11.18,Clouds
156,Potam,MX,27.6,-110.3833,80.71,22,22,3.98,Clouds
157,Jamestown,US,42.097,-79.2353,67.51,50,75,25.32,Clouds
158,Port Elizabeth,ZA,-33.918,25.5701,67.1,83,100,9.22,Clouds
159,Pimentel,PE,-6.8367,-79.9342,82.69,54,0,10.36,Clear
160,Suez,EG,29.9737,32.5263,71.1,28,100,10.51,Clouds
161,Waipawa,NZ,-41.4122,175.5153,54.14,94,90,5.17,Clouds
162,Kameshkovo,RU,56.3481,41.0047,29.71,98,100,5.35,Snow
163,Shimoda,JP,34.6667,138.95,48.11,93,100,13.56,Rain
164,Touros,BR,-5.1989,-35.4608,80.19,78,99,12.12,Clouds
165,Ribeira Grande,PT,38.5167,-28.7,64.8,88,40,10.36,Clouds
166,Saintes,FR,45.6667,-0.75,46.15,95,89,23.17,Clouds
167,Aksu,CN,41.1231,80.2644,53.19,42,71,6.55,Clouds
168,Lanquin,GT,15.5667,-89.9667,92.93,32,60,5.03,Clouds
169,Dmitriyevskoye,RU,45.8053,41.8967,55.26,57,91,9.37,Clouds
170,Hilo,US,19.7297,-155.09,74.62,86,75,4.61,Clouds
171,Tautira,PF,-17.7333,-149.15,80.89,71,40,12.01,Clouds
172,Butaritari,KI,3.0707,172.7902,80.65,79,64,12.82,Clouds
173,Srednekolymsk,RU,67.45,153.6833,-15.65,100,96,2.66,Clouds
174,Sharjah,AE,25.3573,55.4033,77.29,78,0,8.05,Clear
175,Hithadhoo,MV,-0.6,73.0833,83.17,71,5,5.44,Clear
176,Abalak,RU,58.1286,68.5944,22.23,98,100,4.18,Clouds
177,Awjilah,LY,29.1081,21.2869,82.76,7,100,10.63,Clouds
178,Adrar,MR,20.5022,-10.0711,84.25,14,100,7.25,Clouds
179,Omsukchan,RU,62.5333,155.8,-3.37,98,100,6.02,Clouds
180,Bowen,AU,-20.0167,148.2333,72.79,74,4,3.69,Clear
181,Owando,CG,-0.4819,15.8999,84.27,51,83,3.83,Clouds
182,Broome,US,42.2506,-75.833,65.61,69,100,20.71,Clouds
183,Semme,FR,46.1963,1.5007,41.41,99,100,8.72,Rain
184,Domoni,KM,-12.2569,44.5319,80.06,86,100,7.58,Rain
185,Pevek,RU,69.7008,170.3133,-24.48,99,96,5.01,Clouds
186,Maragogi,BR,-9.0122,-35.2225,82.76,68,99,7.7,Clouds
187,Saint-Denis,FR,48.9167,2.3333,45.37,66,75,16.11,Clouds
188,Puerto Ayora,EC,-0.7393,-90.3518,80.56,77,94,5.66,Rain
189,Santa Isabel Do Rio Negro,BR,-0.4139,-65.0192,89.71,49,97,4.63,Clouds
190,Nizwa,OM,22.9333,57.5333,82.22,18,0,2.91,Clear
191,Catamarca,AR,-28.4696,-65.7852,70.77,28,0,5.01,Clear
192,Aripuana,BR,-9.1667,-60.6333,79.68,83,93,2.28,Clouds
193,Ankang,CN,32.68,109.0172,53.62,85,100,1.16,Rain
194,Boa Vista,BR,2.8197,-60.6733,91.38,38,75,10.36,Clouds
195,Chokurdakh,RU,70.6333,147.9167,-31.63,100,93,2.46,Clouds
196,Chernyshevskiy,RU,63.0128,112.4714,22.26,94,98,9.86,Clouds
197,Baykit,RU,61.67,96.37,28.56,81,88,14.74,Clouds
198,El Jicaro,GT,14.9167,-89.9,96.33,25,50,3.24,Clouds
199,Thinadhoo,MV,0.5333,72.9333,82.85,70,15,4.12,Clouds
200,Salalah,OM,17.0151,54.0924,80.49,41,0,1.52,Clear
201,Fayaoue,NC,-20.65,166.5333,81.0,80,26,3.38,Clouds
202,East London,ZA,-33.0153,27.9116,67.14,94,75,5.75,Clouds
203,Henties Bay,NA,-22.116,14.2845,63.57,81,0,10.36,Clear
204,Bengkulu,ID,-3.8004,102.2655,76.21,81,83,4.25,Clouds
205,Constantine,DZ,36.365,6.6147,53.01,66,40,18.41,Clouds
206,Colares,PT,38.7992,-9.4469,60.48,67,75,20.0,Clouds
207,Fairbanks,US,64.8378,-147.7164,18.23,44,0,6.91,Clear
208,Puerto Lempira,HN,15.2667,-83.7667,87.94,70,40,11.5,Clouds
209,Tanhacu,BR,-14.0214,-41.2481,93.47,28,3,5.12,Clear
210,Languyan,PH,5.2618,120.0807,79.36,80,4,3.29,Clear
211,Vila,PT,42.0304,-8.1588,47.28,87,99,5.19,Clouds
212,Narsaq,GL,60.9167,-46.05,38.26,74,98,2.39,Clouds
213,Wajima,JP,37.4,136.9,41.83,55,94,12.01,Clouds
214,Ambilobe,MG,-13.2,49.05,73.33,95,55,3.56,Rain
215,Narasimharajapura,IN,13.6167,75.5167,73.02,94,63,3.74,Clouds
216,Half Moon Bay,US,37.4636,-122.4286,61.88,76,75,11.5,Mist
217,Clyde River,CA,70.4692,-68.5914,3.43,78,0,6.91,Clear
218,Mukhen,RU,48.1,136.1,19.71,93,97,6.35,Clouds
219,Olafsvik,IS,64.8945,-23.7142,39.65,79,98,7.27,Clouds
220,Prachin Buri,TH,14.0833,101.6667,83.01,60,77,5.55,Rain
221,Svetlogorsk,BY,52.6333,29.7333,34.86,96,100,10.51,Clouds
222,Linden,GY,6.0,-58.3,91.53,41,100,5.39,Clouds
223,Saint-Georges,GD,12.0564,-61.7485,83.88,70,40,23.02,Clouds
224,Kodiak,US,57.79,-152.4072,38.71,100,100,23.02,Rain
225,Nedjo,ET,9.5046,35.5019,73.71,26,96,4.47,Clouds
226,Shelopugino,RU,51.6514,117.5599,9.27,84,77,4.7,Clouds
227,Meulaboh,ID,4.1363,96.1285,77.61,82,87,1.77,Clouds
228,Turukhansk,RU,65.8167,87.9833,18.66,95,100,31.09,Snow
229,Carauari,BR,-4.8828,-66.8958,77.29,93,100,3.53,Rain
230,Zyryanka,RU,65.75,150.85,-6.54,97,99,8.19,Clouds
231,Palmares Do Sul,BR,-30.2578,-50.5097,64.2,55,16,11.95,Clouds
232,Port Macquarie,AU,-31.4333,152.9167,61.9,83,85,17.47,Clouds
233,Sassandra,CI,4.95,-6.0833,82.87,78,62,9.73,Clouds
234,Husavik,IS,66.0449,-17.3389,33.4,95,100,1.52,Snow
235,Nizhniy Bestyakh,RU,61.9594,129.9086,-4.52,76,0,2.24,Clear
236,Guerrero Negro,MX,27.9769,-114.0611,64.47,62,96,15.46,Clouds
237,Pangnirtung,CA,66.1451,-65.7125,21.2,86,100,4.61,Snow
238,Carnarvon,AU,-24.8667,113.6333,71.67,100,100,14.97,Rain
239,Lata,PT,40.1629,-8.3327,52.83,79,77,11.12,Clouds
240,Hoquiam,US,46.9809,-123.8893,50.0,79,75,8.05,Clouds
241,Prosperous,IE,53.2903,-6.7539,46.47,50,76,8.99,Clouds
242,Bam,IR,29.106,58.357,71.67,8,2,1.83,Clear
243,Pundaguitan,PH,6.3711,126.1689,81.79,74,76,5.68,Clouds
244,Isangel,VU,-19.55,169.2667,79.86,88,93,4.63,Clouds
245,Sitka,US,57.0531,-135.33,40.89,75,75,4.61,Rain
246,Namatanai,PG,-3.6667,152.4333,79.16,81,59,5.32,Clouds
247,Alofi,NU,-19.0595,-169.9187,69.69,94,45,3.44,Clouds
248,Hasaki,JP,35.7333,140.8333,43.2,91,100,26.8,Rain
249,Celestun,MX,20.8667,-90.4,83.88,70,0,12.19,Clear
250,Dingle,PH,10.9995,122.6711,76.46,89,72,6.85,Clouds
251,Sao Filipe,CV,14.8961,-24.4956,72.63,73,14,12.33,Clouds
252,Tulu Bolo,ET,8.6667,38.2167,64.42,31,26,10.96,Clouds
253,Kendari,ID,-3.945,122.4989,75.18,94,97,4.09,Rain
254,Kichera,RU,55.9375,110.0997,16.43,97,99,3.04,Snow
255,Saint-Paul,RE,-21.0096,55.2707,78.91,74,60,0.98,Clouds
256,Hobyo,SO,5.3505,48.5268,82.83,74,5,14.72,Clear
257,Ponta Do Sol,PT,32.6667,-17.1,68.0,78,45,3.56,Clouds
258,Tura,IN,25.5198,90.2201,70.36,88,62,3.15,Clouds
259,Cidreira,BR,-30.1811,-50.2056,65.86,52,37,9.26,Clouds
260,Lalas,GR,37.7167,21.7167,57.31,42,100,11.77,Rain
261,Port Hedland,AU,-20.3167,118.5667,80.65,89,97,5.75,Clouds
262,Samarai,PG,-10.6167,150.6667,81.46,81,100,15.3,Rain
263,Yara,CU,20.2753,-76.9533,96.13,30,16,6.67,Clouds
264,Orchard Homes,US,46.8633,-114.0484,43.59,45,45,7.0,Clouds
265,La Ronge,CA,55.1001,-105.2842,34.05,55,100,10.36,Clouds
266,Roebourne,AU,-20.7833,117.1333,84.6,69,99,6.89,Clouds
267,Benghazi,LY,32.1167,20.0667,78.12,21,49,23.29,Clouds
268,Fort Nelson,CA,58.8053,-122.7002,22.59,80,100,10.36,Clouds
269,Rincon,US,32.296,-81.2354,71.56,95,100,9.82,Rain
270,Te Anau,NZ,-45.4167,167.7167,47.19,88,100,4.79,Clouds
271,Victoria Point,AU,-27.5833,153.3,69.19,89,86,1.01,Rain
272,Menongue,AO,-14.6585,17.691,66.42,90,60,3.62,Clouds
273,Coruripe,BR,-10.1256,-36.1756,83.46,66,82,8.46,Clouds
274,Caravelas,BR,-17.7125,-39.2481,85.44,57,1,9.46,Clear
275,San Cristobal,VE,7.7669,-72.225,71.78,46,94,7.23,Clouds
276,Sobolevo,RU,54.4299,31.8996,31.05,96,100,7.72,Clouds
277,Tabou,CI,4.423,-7.3528,82.89,76,53,7.81,Clouds
278,Belmonte,BR,-15.8631,-38.8828,83.46,63,20,7.58,Clouds
279,Dawson,US,31.7735,-84.4466,75.58,73,97,10.69,Clouds
280,Davidson,US,36.1501,-86.7833,49.12,66,100,16.11,Clouds
281,Sterling,US,39.0062,-77.4286,72.59,69,100,21.74,Clouds
282,Kaeo,NZ,-35.1,173.7833,60.33,96,54,2.3,Clouds
283,Nicoya,CR,10.1483,-85.452,94.89,34,99,3.4,Clouds
284,Davis,US,41.0005,-112.0013,45.3,84,100,8.05,Rain
285,Burnie,AU,-41.0667,145.9167,47.91,77,0,8.81,Clear
286,Ulaangom,MN,49.9811,92.0667,9.79,77,40,5.88,Clouds
287,Xushan,CN,30.1764,121.2457,51.73,85,100,9.64,Clouds
288,Bogor,ID,-6.5944,106.7892,79.9,90,100,3.42,Rain
289,Namibe,AO,-15.1961,12.1522,72.14,79,53,10.2,Clouds
290,Grand Gaube,MU,-20.0064,57.6608,79.2,79,95,8.01,Clouds
291,Chernaya Kholunitsa,RU,58.8511,51.7154,20.05,89,90,6.06,Clouds
292,Kavaratti,IN,10.5669,72.642,83.43,77,6,9.86,Clear
293,Aswan,EG,24.0934,32.907,85.14,9,31,9.53,Clouds
294,Lazaro Cardenas,MX,17.9583,-102.2,80.6,55,5,8.93,Clear
295,Keetmanshoop,NA,-26.5833,18.1333,79.72,47,60,9.22,Clouds
296,Thompson,CA,55.7435,-97.8558,35.76,44,75,6.91,Clouds
297,Mamakan,RU,57.8161,114.0028,14.56,95,93,4.92,Clouds
298,Chaman,PK,30.9236,66.4512,64.63,17,0,2.26,Clear
299,Tazovskiy,RU,67.4667,78.7,10.02,94,91,13.82,Clouds
300,Acapulco,MX,16.8634,-99.8901,81.97,47,38,8.01,Clouds
301,Fort Saint James,CA,54.4333,-124.25,41.77,45,7,9.53,Clear
302,Ewa Beach,US,21.3156,-158.0072,76.08,75,20,4.61,Clouds
303,Marsa Matruh,EG,31.3525,27.2453,67.8,49,34,11.56,Clouds
304,Litovko,RU,49.2361,135.1742,19.24,97,81,3.94,Snow
305,Ambulu,ID,-8.345,113.6058,75.27,92,72,3.15,Clouds
306,Sabang,ID,5.8933,95.3214,82.83,70,89,3.83,Clouds
307,Disna,BY,55.568,28.1971,27.14,57,89,6.17,Clouds
308,Chapais,CA,49.7834,-74.8492,31.78,97,100,13.33,Snow
309,Carroll,US,39.5501,-77.0164,71.91,69,100,11.01,Clouds
310,Puksoozero,RU,62.5903,40.6066,18.73,95,79,6.17,Snow
311,Yar-Sale,RU,66.8333,70.8333,15.57,80,100,20.09,Clouds
312,Beloha,MG,-25.1667,45.05,73.09,78,0,15.14,Clear
313,Colomi,BO,-17.35,-65.8667,68.02,77,99,6.4,Clouds
314,Lavrentiya,RU,65.5833,-171.0,11.07,83,73,11.18,Clouds
315,Predivinsk,RU,57.0669,93.4378,36.32,94,100,11.68,Clouds
316,Harer,ET,9.3094,42.1258,64.26,31,4,6.46,Clear
317,Fountain,US,38.6822,-104.7008,58.46,32,0,10.36,Clear
318,Muros,ES,42.7762,-9.0603,58.08,67,35,13.71,Clouds
319,Maceio,BR,-9.6658,-35.7353,81.84,74,75,4.61,Rain
320,Wewak,PG,-3.5534,143.6268,78.64,88,100,7.67,Rain
321,Sembe,CG,1.6481,14.5806,79.32,60,63,1.45,Clouds
322,Puerto El Triunfo,SV,13.2833,-88.55,87.19,55,100,10.76,Clouds
323,Anadyr,RU,64.75,177.4833,7.3,77,75,20.13,Snow
324,Nuuk,GL,64.1835,-51.7216,32.88,80,91,1.99,Clouds
325,Wanning,CN,18.8003,110.3967,74.39,95,100,6.24,Clouds
326,Cayenne,GF,4.9333,-52.3333,84.24,10,75,13.8,Clouds
327,Veraval,IN,20.9,70.3667,76.37,76,0,8.68,Clear
328,Huilong,CN,31.8111,121.655,47.93,65,100,14.03,Clouds
329,Kuryk,KZ,43.2,51.65,53.89,53,44,6.87,Clouds
330,Kaitangata,NZ,-46.2817,169.8464,47.71,73,100,5.12,Clouds
331,Kalianget,ID,-7.05,113.9333,79.02,85,78,5.73,Clouds
332,Suchiapa,MX,16.6167,-93.0833,94.73,23,7,5.19,Clear
333,Cockburn Town,TC,21.4612,-71.1419,76.86,78,32,24.9,Clouds
334,Chumikan,RU,54.7183,135.315,3.7,87,69,7.18,Clouds
335,Khandbari,NP,27.3747,87.2039,67.89,85,97,0.56,Clouds
336,Lermontovka,RU,47.1453,134.3383,20.79,91,83,4.32,Clouds
337,Lorengau,PG,-2.0226,147.2712,80.06,84,100,17.25,Clouds
338,Narsingdi,BD,23.9208,90.7181,84.22,86,6,4.81,Clear
339,La Palma,US,33.8464,-118.0467,65.71,72,75,5.99,Clouds
340,Lasa,IT,46.6166,10.7002,48.69,97,100,3.78,Rain
341,Middle Island,US,40.8843,-72.9373,59.74,84,100,11.99,Clouds
342,Srandakan,ID,-7.9386,110.2506,77.09,88,84,4.25,Rain
343,Mehamn,NO,71.0357,27.8492,26.51,73,100,11.07,Snow
344,Ous,RU,60.9058,61.5186,15.33,89,63,6.49,Clouds
345,Velingara,SN,13.15,-14.1167,104.07,11,92,4.38,Clouds
346,Tuatapere,NZ,-46.1333,167.6833,47.57,87,100,3.74,Clouds
347,Katsuura,JP,35.1333,140.3,48.16,89,100,26.69,Rain
348,Dicamay,PH,16.7561,122.0037,72.25,95,5,2.82,Clear
349,Sibenik,HR,43.7272,15.9058,61.38,75,100,13.0,Clouds
350,Poum,NC,-20.2333,164.0167,80.02,81,13,6.69,Clouds
351,Homocea,RO,46.1333,27.2333,65.46,46,99,14.34,Clouds
352,Santa Maria,BR,-29.6842,-53.8069,63.7,45,20,5.75,Clouds
353,Dalby,AU,-27.1833,151.2667,62.98,94,91,1.01,Clouds
354,Morlaix,FR,48.5833,-4.0,45.07,55,75,18.41,Rain
355,Maldonado,UY,-34.6667,-54.9167,63.79,57,93,14.05,Clouds
356,Zhigansk,RU,66.7697,123.3711,9.41,94,99,16.24,Clouds
357,Burgthann,DE,49.352,11.3115,43.79,94,100,7.65,Clouds
358,Cuitareo,MX,19.6167,-100.6,71.62,24,4,8.7,Clear
359,Arica,CL,-18.475,-70.3042,76.55,56,0,12.66,Clear
360,Talara,PE,-4.5772,-81.2719,84.96,58,0,12.66,Clear
361,Saint-Augustin,CA,51.226,-58.6502,34.81,96,10,13.33,Clear
362,Grafton,US,42.207,-71.6856,63.01,81,100,11.5,Clouds
363,Sawtell,AU,-30.3833,153.1,64.42,63,51,18.41,Clouds
364,Victoriaville,CA,46.0501,-71.9658,46.47,100,100,8.84,Clouds
365,Kahta,TR,37.7855,38.6237,60.17,53,5,3.06,Clear
366,Arlit,NE,18.7369,7.3853,88.45,3,9,6.87,Clear
367,Oksfjord,NO,70.2396,22.3479,26.67,88,100,5.53,Snow
368,Vardo,NO,70.3705,31.1107,24.78,74,40,19.57,Clouds
369,Grand-Santi,GF,4.25,-54.3833,83.12,76,96,3.38,Clouds
370,Lowestoft,GB,52.4752,1.7516,41.25,56,88,30.27,Clouds
371,Honiara,SB,-9.4333,159.95,78.1,87,93,2.71,Clouds
372,Kangaatsiaq,GL,68.3065,-53.4641,16.47,89,100,3.91,Clouds
373,Burns Lake,CA,54.2331,-125.7533,35.02,64,42,6.73,Clouds
374,Barguzin,RU,53.6167,109.6167,17.82,89,74,3.33,Clouds
375,Darhan,MN,49.4867,105.9228,31.05,47,57,2.73,Clouds
376,Murgab,TM,37.4966,61.9714,64.27,34,2,6.91,Clear
377,Xacmaz,AZ,41.4635,48.806,48.7,66,0,1.9,Clear
378,Kluczbork,PL,50.9728,18.2182,35.98,89,100,16.06,Rain
379,Ponta Delgada,PT,37.7333,-25.6667,63.32,88,75,9.22,Clouds
380,Aketi,CD,2.7388,23.7833,83.53,49,57,3.65,Clouds
381,Ellisras,ZA,-23.6649,27.7443,71.56,33,0,3.76,Clear
382,Vila Velha,BR,-20.3297,-40.2925,87.94,71,3,8.99,Clear
383,Muswellbrook,AU,-32.2667,150.9,58.24,86,96,1.88,Clouds
384,Douentza,ML,14.9951,-2.9517,96.04,4,41,4.36,Clouds
385,Banda Aceh,ID,5.5577,95.3222,79.88,79,100,1.39,Clouds
386,Rawson,AR,-43.3002,-65.1023,70.57,24,64,10.78,Clouds
387,Ilorin,NG,8.5,4.55,93.85,27,76,5.73,Clouds
388,Longyearbyen,SJ,78.2186,15.6401,10.24,79,75,5.75,Snow
389,Sukumo,JP,32.9333,132.7333,53.22,90,100,4.7,Rain
390,Poronaysk,RU,49.2167,143.1167,14.43,89,100,4.09,Clouds
391,Cumra,TR,37.5732,32.7745,52.92,49,100,7.67,Clouds
392,Renqiu,CN,38.6989,116.0936,41.67,42,7,4.81,Clear
393,Norman Wells,CA,65.282,-126.8329,-12.91,88,98,12.88,Clouds
394,Pokhara,NP,28.2333,83.9833,70.77,64,93,4.21,Clouds
395,Aksarayskiy,RU,46.7924,48.0119,58.93,45,66,7.7,Clouds
396,Carutapera,BR,-1.195,-46.02,74.61,97,100,1.92,Rain
397,Hamilton,US,39.1834,-84.5333,47.88,73,98,5.01,Clouds
398,Houma,US,29.5958,-90.7195,69.01,60,7,5.01,Clear
399,Karratha,AU,-20.7377,116.8463,85.14,69,99,9.93,Clouds
400,Marsh Harbour,BS,26.5412,-77.0636,77.65,68,68,20.78,Clouds
401,Plettenberg Bay,ZA,-34.0527,23.3716,63.37,81,94,2.68,Clouds
402,Ambon,ID,-3.6954,128.1814,80.74,83,20,5.75,Clouds
403,Dzialdowo,PL,53.2396,20.17,33.78,33,100,13.38,Clouds
404,Hovd,MN,48.0056,91.6419,29.73,32,0,0.51,Clear
405,Maniitsoq,GL,65.4167,-52.9,30.43,80,58,5.17,Clouds
406,Matagami,CA,49.7502,-77.6328,33.91,93,100,8.05,Mist
407,Kulhudhuffushi,MV,6.6221,73.07,83.89,71,22,4.23,Clouds
408,Blythe,US,33.6103,-114.5964,78.03,29,61,13.0,Clouds
409,Mitu,CO,1.1983,-70.1733,89.78,48,53,3.69,Clouds
410,Starokostyantyniv,UA,49.7576,27.2034,50.88,78,100,11.54,Clouds
411,Mayumba,GA,-3.432,10.6554,78.94,92,70,7.0,Rain
412,Slave Lake,CA,55.2834,-114.769,39.18,52,100,17.27,Clouds
413,Umm Kaddadah,SD,13.6017,26.6876,81.82,9,49,11.36,Clouds
414,Gwanda,ZW,-20.9333,29.0,69.91,43,1,6.26,Clear
415,Vigrestad,NO,58.5667,5.7,41.59,53,0,9.86,Clear
416,Asau,RO,46.4333,26.4,61.72,59,100,5.03,Clouds
417,Batagay,RU,67.6333,134.6333,-14.12,100,62,4.21,Clouds
418,Ninohe,JP,40.2724,141.3061,31.87,61,99,7.18,Clouds
419,Moose Factory,CA,51.2585,-80.6094,26.58,93,100,12.66,Clouds
420,Los Llanos De Aridane,ES,28.6585,-17.9182,62.35,82,40,12.66,Clouds
421,Yulara,AU,-25.2406,130.9889,60.01,43,71,11.65,Clouds
422,Torbay,CA,47.6666,-52.7314,41.29,75,52,13.0,Clouds
423,Noshiro,JP,40.2039,140.0242,38.16,50,100,15.19,Clouds
424,Panama City,PA,8.9936,-79.5197,92.93,61,40,8.99,Clouds
425,Margate,GB,51.3813,1.3862,39.69,68,100,17.0,Clouds
426,Tailai,CN,46.3833,123.4,28.92,42,0,7.0,Clear
427,Honningsvag,NO,70.9821,25.9704,26.35,74,75,9.22,Clouds
428,Debre Birhan,ET,9.6833,39.5333,51.93,36,7,6.31,Clear
429,Coquimbo,CL,-29.9533,-71.3436,60.53,77,75,12.66,Clouds
430,Ayagoz,KZ,47.9714,80.4392,20.66,85,62,4.72,Clouds
431,Luleburgaz,TR,41.4039,27.3592,57.65,60,97,10.07,Clouds
432,Agboville,CI,5.928,-4.2132,81.28,85,83,4.65,Rain
433,San Carlos,VE,9.6612,-68.5827,97.2,25,93,5.14,Clouds
434,Ulan-Ude,RU,51.8261,107.6098,21.09,85,56,6.71,Clouds
435,Zabid,YE,14.1951,43.3152,82.26,51,0,4.65,Clear
436,Shirvan,AZ,39.9509,48.8994,52.84,60,0,12.93,Clear
437,Medzilaborce,SK,49.2719,21.9007,46.81,93,100,1.99,Rain
438,Puerto Leguizamo,CO,-0.1934,-74.7819,83.64,72,81,3.09,Clouds
439,Trinidad,BO,-14.8333,-64.9,61.32,62,100,10.47,Clouds
440,Kassala,SD,15.451,36.4,90.27,24,4,17.54,Clear
441,Goderich,CA,43.7501,-81.7165,44.91,86,64,27.6,Clouds
442,Lishui,CN,28.4604,119.9103,49.28,94,100,2.55,Clouds
443,Horsham,GB,51.064,-0.3272,42.91,44,20,23.02,Clouds
444,Saint-Lo,FR,49.1162,-1.0903,43.23,48,91,16.96,Clouds
445,Mozarlandia,BR,-14.7447,-50.5706,89.58,52,53,5.32,Clouds
446,Avera,US,33.194,-82.5271,69.91,87,94,13.38,Clouds
447,Estepa,ES,37.2926,-4.879,51.8,70,80,15.48,Clouds
448,Trairi,BR,-3.2778,-39.2689,75.43,93,100,6.2,Rain
449,Bud,US,39.447,-86.1758,43.99,85,96,16.84,Clouds
450,Alto Araguaia,BR,-17.3147,-53.2153,81.36,63,85,2.37,Clouds
451,Bobrovka,RU,54.047,61.7455,32.86,99,100,3.27,Clouds
452,Nadvoitsy,RU,63.8667,34.3167,8.51,97,93,3.62,Clouds
453,Mount Pleasant,US,32.7941,-79.8626,72.09,87,100,20.71,Drizzle
454,Voznesenye,RU,61.0106,35.4781,22.82,97,99,4.16,Snow
455,Amazar,RU,53.858,120.875,10.4,96,49,2.95,Clouds
456,Alice Springs,AU,-23.7,133.8833,53.15,62,30,6.91,Clouds
457,Concordia,AR,-31.393,-58.0209,64.47,52,20,9.22,Clouds
458,Onverwacht,SR,5.5833,-55.1833,89.98,52,98,4.61,Clouds
459,Lubao,PH,14.9167,120.55,78.6,78,32,5.06,Clouds
460,Omboue,GA,-1.5746,9.2618,78.44,90,100,5.73,Rain
461,Lagoa,PT,39.05,-27.9833,61.77,87,98,4.34,Clouds
462,Paamiut,GL,61.994,-49.6678,34.9,96,94,3.44,Clouds
463,Tiarei,PF,-17.5333,-149.3333,82.42,70,25,12.64,Clouds
464,Kasongo-Lunda,CD,-6.4667,16.8167,72.73,97,85,1.99,Rain
465,Bryan,US,30.6744,-96.37,67.48,37,0,5.75,Clear
466,Basco,PH,20.4487,121.9702,78.87,82,21,19.44,Clouds
467,Rio Verde De Mato Grosso,BR,-18.9181,-54.8442,65.37,98,100,6.31,Clouds
468,Lindsay,US,36.203,-119.0882,59.95,74,75,4.61,Clouds
469,Road Town,VG,18.4167,-64.6167,84.24,61,20,12.66,Clouds
470,Maltahohe,NA,-24.8333,16.9833,76.57,30,47,14.38,Clouds
471,Manadhoo,MV,5.7667,73.3833,83.59,70,11,2.55,Clouds
472,Quatre Cocos,MU,-20.2078,57.7625,77.09,76,99,19.35,Clouds
473,Kurumkan,RU,54.3,110.3,11.66,92,78,4.29,Clouds
474,Luau,AO,-10.7073,22.2247,68.32,91,55,2.91,Rain
475,Bonavista,CA,48.6499,-53.1147,33.75,79,89,17.65,Clouds
476,Port-Gentil,GA,-0.7193,8.7815,81.72,80,100,8.57,Clouds
477,Buta,CD,2.7858,24.73,79.68,54,60,1.61,Clouds
478,Kenai,US,60.5544,-151.2583,41.02,79,96,9.73,Clouds
479,Bandarbeyla,SO,9.4942,50.8122,81.07,80,25,11.34,Clouds
480,Biak,ID,-0.9131,122.8766,76.68,79,82,3.42,Clouds
481,Baringo,KE,0.4667,35.9667,76.59,54,79,4.43,Clouds
482,Hami,CN,42.8,93.45,47.77,21,0,5.99,Clear
483,Buraydah,SA,26.326,43.975,81.01,14,0,5.97,Clear
484,Visnes,NO,59.3556,5.2242,41.83,60,0,14.97,Clear
485,Port Shepstone,ZA,-30.7414,30.455,75.42,87,27,5.66,Rain
486,Vagay,RU,57.9375,69.0217,24.6,98,100,3.56,Clouds
487,Sangar,RU,63.9242,127.4739,-5.75,97,94,3.44,Clouds
488,Mecca,SA,21.4267,39.8261,81.07,36,0,4.68,Clear
489,Nouakchott,MR,18.0858,-15.9785,89.53,43,4,14.27,Clear
490,Great Bend,US,38.3645,-98.7648,47.84,60,44,13.31,Clouds
491,Dargaville,NZ,-35.9333,173.8833,59.81,94,70,1.34,Clouds
492,Odienne,CI,9.51,-7.5692,95.22,26,53,2.59,Clouds
493,Russellville,US,35.2784,-93.1338,51.06,53,100,18.01,Clouds
494,Kiruna,SE,67.8557,20.2251,18.52,63,0,8.05,Clear
495,Verkhnevilyuysk,RU,63.4453,120.3167,24.96,97,100,4.9,Clouds
496,Paka,MY,4.6374,103.4368,78.12,86,51,1.48,Clouds
497,Aksum,ET,14.1245,38.7244,66.65,22,24,14.67,Clouds
498,Saint-Pierre,RE,-21.3393,55.4781,78.48,69,0,18.41,Clear
499,Sao Raimundo Nonato,BR,-9.0153,-42.6994,93.06,32,66,5.68,Clouds
500,Cubuk,TR,40.2386,33.0322,57.76,32,0,4.61,Clear
501,Koraput,IN,18.8167,82.7167,76.03,65,7,4.61,Clear
502,Tupik,RU,54.4253,119.9327,2.48,97,76,3.04,Clouds
503,Weinan,CN,34.5036,109.5089,54.16,42,100,0.65,Clouds
504,Dunedin,NZ,-45.8742,170.5036,52.81,64,100,7.0,Rain
505,Cap Malheureux,MU,-19.9842,57.6142,77.47,77,96,7.0,Clouds
506,Paris,FR,48.8534,2.3488,45.37,69,75,21.0,Clouds
507,Aykhal,RU,66.0,111.5,20.1,96,100,10.83,Clouds
508,Anicuns,BR,-16.4611,-49.9617,86.25,45,14,4.76,Clouds
509,Havre,FR,49.5833,0.3333,41.4,65,75,21.85,Clouds
510,Santa Rosa,PH,14.3122,121.1114,83.1,75,16,7.81,Clouds
511,Sorong,ID,-0.8833,131.25,77.63,88,100,4.79,Clouds
512,Amarante Do Maranhao,BR,-5.5667,-46.7422,78.78,88,100,2.57,Clouds
513,Misratah,LY,32.3754,15.0925,65.73,68,48,9.04,Clouds
514,Scottsbluff,US,41.8666,-103.6672,54.72,41,28,1.99,Clouds
515,Portree,GB,57.4129,-6.1942,38.52,74,48,14.14,Clouds
516,Hofn,IS,64.2539,-15.2082,39.2,64,79,7.16,Clouds
517,Loandjili,CG,-4.7561,11.8578,79.65,88,86,8.7,Clouds
518,Usumatlan,GT,14.95,-89.7833,100.13,25,47,4.83,Clouds
519,Ahuimanu,US,21.4447,-157.8378,76.78,80,53,5.01,Rain
520,Goba,ET,7.0167,39.9833,51.71,68,54,3.71,Clouds
521,Kutum,SD,14.2,24.6667,79.43,8,5,9.57,Clear
522,Gizo,SB,-8.103,156.8419,82.47,76,78,6.31,Rain
523,Lanxi,CN,29.2195,119.477,49.6,94,100,1.95,Clouds
524,Cururupu,BR,-1.8283,-44.8683,74.46,98,100,1.92,Clouds
525,Satrikh,IN,26.8667,81.2,84.27,16,0,4.85,Clear
526,Chaska,US,44.7894,-93.6022,33.8,69,100,13.0,Clouds
527,Tawau,MY,4.2498,117.8871,77.63,89,17,5.12,Clouds
528,West Wendover,US,40.7391,-114.0733,49.12,37,36,7.99,Clouds
529,Barth,DE,54.3635,12.7249,38.08,54,100,21.99,Clouds
530,Hit,IQ,33.6416,42.8251,74.07,17,0,8.75,Clear
531,Waingapu,ID,-9.6567,120.2641,77.49,84,25,3.56,Clouds
532,Yangjiang,CN,21.85,111.9667,72.84,85,45,3.09,Clouds
533,Volot,RU,57.9278,30.7025,22.8,81,41,2.13,Clouds
534,Tsuyama,JP,35.05,134.0,44.83,82,100,7.87,Clouds
535,Krasnoselkup,RU,65.7,82.4667,14.29,88,100,20.54,Clouds
536,Ambunti,PG,-4.2365,142.8448,73.24,100,100,1.86,Rain
537,Florianopolis,BR,-27.6146,-48.5012,65.7,41,0,11.5,Clear
538,Lysva,RU,58.1086,57.8053,10.58,97,83,2.75,Clouds
539,Broken Hill,AU,-31.95,141.4333,59.5,54,0,20.45,Clear
540,Esperance,AU,-33.8667,121.9,64.92,79,100,19.06,Clouds
541,Kuruman,ZA,-27.4524,23.4325,68.0,40,79,8.37,Clouds
542,Aguimes,ES,27.9054,-15.4461,65.66,60,20,20.71,Clouds
543,Cortez,US,37.3489,-108.5859,52.56,38,0,9.22,Clear
544,Bilma,NE,18.6853,12.9164,83.98,3,21,5.64,Clouds
545,Xai-Xai,MZ,-25.0519,33.6442,76.32,84,3,9.44,Clear
546,Piacenza,IT,45.0468,9.6994,57.29,69,97,5.79,Clouds
547,Onega,RU,63.9061,38.1404,9.46,100,83,0.56,Clouds
548,Byron Bay,AU,-28.65,153.6167,63.95,75,97,17.85,Clouds
549,Aden,YE,12.7794,45.0367,80.31,61,0,14.63,Clear
550,Khasan,RU,42.4308,130.6434,34.77,51,2,7.29,Clear
551,Kabare,CD,-2.4683,28.8242,61.95,97,87,2.39,Rain
552,Naron,ES,43.5167,-8.1528,53.04,84,63,15.61,Clouds
553,Chimore,BO,-16.9833,-65.1333,58.69,88,100,1.07,Clouds
554,Tigzirt,DZ,36.8886,4.1198,55.83,76,73,13.47,Clouds
555,Kursumlija,RS,43.1458,21.2686,53.96,86,92,12.03,Clouds
556,Muroto,JP,33.2833,134.15,52.36,81,100,19.75,Rain
557,Ongandjera,NA,-17.8833,15.0667,82.31,45,76,5.21,Clouds
558,Burgos,ES,42.3394,-3.7079,45.01,76,40,10.36,Clouds
559,Floresta,BR,-8.6011,-38.5686,95.65,26,87,5.1,Clouds
560,Amahai,ID,-3.3333,128.9167,77.52,83,100,3.65,Clouds
561,Vlasinesti,RO,47.9333,26.8833,64.24,46,100,4.92,Rain
562,La Macarena,CO,2.1837,-73.7849,90.7,44,75,7.0,Clouds
563,Brooks,CA,50.5834,-111.8851,42.04,47,100,18.52,Clouds
564,Manaus,BR,-3.1019,-60.025,84.7,83,40,3.44,Clouds
565,Toccoa,US,34.5773,-83.3324,74.23,52,75,14.97,Clouds
566,Dalbandin,PK,28.8947,64.4101,71.02,6,0,6.38,Clear
567,Mabaruma,GY,8.2,-59.7833,79.21,89,94,5.61,Clouds
568,Erzurum,TR,40.0,41.5,28.08,86,42,4.29,Clouds
569,Nizhniy Odes,RU,63.6445,54.856,18.66,93,100,7.45,Clouds
570,Grindavik,IS,63.8424,-22.4338,43.27,65,75,4.61,Clouds
571,Gazojak,TM,41.1875,61.4036,61.56,26,100,9.15,Clouds
572,Sambava,MG,-14.2667,50.1667,76.71,87,68,10.98,Rain
573,Lewistown,US,40.5992,-77.5714,67.21,100,100,17.83,Rain
574,Kaseda,JP,31.4167,130.3167,56.34,75,100,13.87,Clouds
575,Nueva Gerona,CU,21.8833,-82.8,85.1,61,7,19.55,Clear
576,Monrovia,LR,6.3005,-10.7969,87.57,79,64,13.02,Clouds
577,Raton,US,36.9034,-104.4391,52.14,72,0,3.44,Clear
578,Kinablangan,PH,7.6947,126.5503,77.58,87,95,5.64,Clouds
579,Rosetta,EG,31.4044,30.4164,61.03,66,18,15.08,Clouds
580,Westlock,CA,54.1502,-113.8688,38.14,68,87,18.12,Clouds
581,Sudak,UA,44.85,34.9667,50.2,76,82,3.2,Clouds
582,Noumea,NC,-22.2763,166.4572,82.0,99,2,3.2,Clear
583,Caucaia,BR,-3.7361,-38.6531,82.04,74,100,2.48,Clouds
584,Havelock,US,34.8791,-76.9013,74.01,84,100,15.99,Clouds
585,Zeya,RU,53.75,127.2667,13.78,95,24,4.36,Clouds
586,Bitung,ID,1.4451,125.1824,76.05,85,91,6.64,Clouds
587,Gat,IL,31.61,34.7642,72.39,60,99,3.78,Clouds
588,Palasa,IN,18.7667,84.4167,77.92,91,6,8.25,Clear
589,Ferkessedougou,CI,9.6,-5.2,96.76,26,81,2.26,Clouds
590,Oga,IT,46.4631,10.347,41.68,98,100,3.78,Clouds
591,Podor,MR,16.6527,-14.9587,99.09,11,62,10.96,Clouds
592,Mount Gambier,AU,-37.8333,140.7667,56.23,64,65,10.74,Clouds
593,Rapid Valley,US,44.0625,-103.1463,56.77,31,0,10.36,Clear
594,Belawan,ID,3.7755,98.6832,79.09,90,65,6.78,Clouds
595,Lewiston,US,44.1003,-70.2148,46.71,91,100,5.75,Clouds
596,Makarov,RU,48.6333,142.8,23.85,79,100,5.57,Clouds
597,Thaton,MM,16.9206,97.3714,80.42,77,89,4.36,Clouds
598,Navolato,MX,24.7672,-107.6944,84.63,16,99,4.68,Clouds
599,Pasighat,IN,28.0667,95.3333,71.62,75,100,4.0,Clouds
600,Bialystok,PL,53.1333,23.15,35.96,35,100,11.88,Clouds
601,Yerbogachen,RU,61.2767,108.0108,25.48,92,59,11.86,Clouds
602,Gorontalo,ID,0.5412,123.0595,74.25,92,67,3.53,Clouds
603,Lagos,NG,6.5833,3.75,83.68,78,66,7.29,Clouds
604,Vestmannaeyjar,IS,63.4427,-20.2734,40.19,65,0,11.5,Clear
605,Qasigiannguit,GL,68.8193,-51.1922,19.65,93,87,3.6,Clouds
606,Santa Catarina,BR,-27.0,-50.0,55.24,73,100,2.66,Clouds
607,Tutoia,BR,-2.7619,-42.2744,79.45,83,99,3.8,Rain
608,Portland,US,45.5234,-122.6762,52.45,69,75,6.91,Clouds
609,Rio Gallegos,AR,-51.6226,-69.2181,60.85,33,0,18.41,Clear
610,Melchor De Mencos,GT,17.0686,-89.1522,99.99,31,20,1.7,Clouds
611,Mwanza,TZ,-2.5167,32.9,71.49,79,40,6.38,Rain
612,Petropavlovsk-Kamchatskiy,RU,53.0452,158.6483,18.3,77,97,8.52,Clouds
613,Hongjiang,CN,27.11,109.9956,53.13,93,100,5.26,Clouds
614,San Ignacio,BZ,17.1561,-89.0714,100.62,29,23,2.44,Clouds
615,Paratebueno,CO,4.3758,-73.2155,91.8,39,44,6.17,Clouds
616,Nador,MA,35.174,-2.9287,62.85,67,40,19.57,Clouds
617,Pelotas,BR,-31.7719,-52.3425,66.85,52,2,5.99,Clear
618,Nova Venecia,BR,-18.7106,-40.4006,89.91,47,0,3.09,Clear
619,Faxinal,BR,-24.0003,-51.3194,70.36,90,77,4.23,Clouds
620,Kysyl-Syr,RU,63.8986,122.7617,16.68,97,100,4.16,Clouds
621,Lock Haven,US,41.137,-77.4469,67.24,75,100,12.93,Clouds
622,Teya,RU,60.3778,92.6267,25.5,78,91,13.96,Clouds
623,Canutama,BR,-6.5339,-64.3831,79.3,89,98,3.71,Clouds
624,Medicine Hat,CA,50.0501,-110.6683,44.85,54,100,5.99,Clouds
625,Mana,GF,5.6592,-53.7767,80.65,71,91,10.11,Clouds
626,Ballarat,AU,-37.5662,143.8496,50.43,74,44,11.21,Clouds
627,Nioro,GM,13.35,-15.75,99.07,15,100,9.1,Clouds
628,Savannah Bight,HN,16.45,-85.85,82.29,74,11,19.08,Clouds
629,Benguela,AO,-12.5763,13.4055,77.77,83,91,6.76,Clouds
630,Bereda,ES,43.2686,-7.5406,50.58,79,98,6.15,Clouds
631,Ust-Maya,RU,60.4167,134.5333,-11.65,100,59,2.24,Clouds
632,Stanovoye,RU,52.7638,38.3582,32.56,100,100,7.29,Clouds
633,Lake Charles,US,30.2131,-93.2044,67.98,39,0,6.91,Clear
634,General Pico,AR,-35.6566,-63.7568,67.71,20,23,3.44,Clouds
635,Berberati,CF,4.2612,15.7922,83.73,37,73,1.63,Clouds
636,Carora,VE,10.1755,-70.0827,92.86,30,96,4.05,Clouds
637,Sai Buri,TH,6.7013,101.6168,76.82,87,52,4.68,Clouds
638,Sehore,IN,23.2,77.0833,86.34,12,3,6.31,Clear
639,Vanimo,PG,-2.6741,141.3028,77.63,90,100,9.55,Clouds
640,Tanete,ID,-3.9443,119.7848,73.9,96,99,2.26,Rain
641,Oranjemund,NA,-28.55,16.4333,60.58,85,1,16.35,Clear
642,Bulawayo,ZW,-20.15,28.5833,65.7,36,0,7.25,Clear
643,Soe,ID,-9.8607,124.284,63.36,85,3,3.85,Clear
644,Chechat,IN,24.7667,75.8833,87.6,11,0,5.48,Clear
645,Vuktyl,RU,63.8567,57.3094,19.24,91,99,9.17,Clouds
646,Inhambane,MZ,-23.865,35.3833,76.77,87,8,9.31,Clear
647,Kisangani,CD,0.5167,25.2,70.83,96,84,3.8,Rain
648,Batsfjord,NO,70.6345,29.7185,26.53,93,100,11.5,Clouds
649,Berdigestyakh,RU,62.0989,126.6992,8.83,97,100,3.04,Clouds
650,Sangueya,GN,10.7,-14.3667,85.33,48,75,11.52,Clouds
651,Palu,ID,-0.8917,119.8707,74.8,94,90,2.75,Clouds
652,Necochea,AR,-38.5473,-58.7368,60.01,57,94,12.3,Clouds
653,Puerto Colombia,CO,10.9878,-74.9547,89.69,71,88,19.6,Clouds
654,Wagar,SD,16.1525,36.2032,84.79,42,2,20.38,Clear
655,Butterworth,MY,5.3991,100.3638,80.64,83,20,3.44,Clouds
656,Jibuti,DJ,11.5,42.5,75.6,43,2,10.38,Clear
657,Sao Domingos,BR,-13.3983,-46.3183,90.91,31,34,4.03,Clouds
658,Atikokan,CA,48.7555,-91.6216,28.38,74,100,12.66,Clouds
659,Sujiatun,CN,41.6592,123.3392,30.38,74,0,4.47,Clear
660,Svetlaya,RU,46.5389,138.3297,23.25,74,94,8.25,Clouds
661,Sinjai,ID,-5.1241,120.253,75.16,91,100,4.76,Clouds
662,Goma,CD,-1.6792,29.2228,64.24,90,91,3.44,Rain
663,Yermolayevo,RU,52.7167,55.8,35.58,100,100,7.09,Clouds
664,Port Blair,IN,11.6667,92.75,80.64,83,20,1.14,Mist
665,Bilibino,RU,68.0546,166.4372,-20.9,94,66,2.44,Clouds
666,Kumbo,CM,6.2,10.6667,70.23,30,95,2.98,Clouds
667,Praia Da Vitoria,PT,38.7333,-27.0667,66.76,86,96,5.37,Clouds
668,Okhotsk,RU,59.3833,143.3,3.43,89,74,11.01,Clouds
669,Baie-Comeau,CA,49.2168,-68.1489,31.68,80,100,3.44,Snow
670,Mount Hagen,PG,-5.8581,144.2274,59.23,99,100,1.72,Rain
671,Juneau,US,58.3019,-134.4197,40.21,92,100,8.05,Clouds
672,Oktyabrskiy,RU,54.4815,53.471,30.06,95,100,5.93,Clouds
673,Narasannapeta,IN,18.4167,84.05,80.13,90,7,8.57,Clear
674,Luangwa,ZM,-15.6167,30.4167,73.96,73,25,2.39,Clouds
675,Melsungen,DE,51.1333,9.55,37.4,87,75,5.75,Clouds
676,Korla,CN,41.7597,86.1469,49.87,39,0,3.47,Clear
677,Surt,LY,31.2089,16.5887,68.27,60,100,15.12,Clouds
678,Camacari,BR,-12.6975,-38.3242,87.57,56,12,8.12,Clouds
679,Yaviza,PA,8.1537,-77.6931,76.73,97,96,2.55,Clouds
680,Kajaani,FI,64.2273,27.7285,15.85,86,0,1.14,Clear
681,Pangody,RU,65.85,74.4859,16.93,82,100,20.45,Clouds
682,Coahuayana,MX,18.7333,-103.6833,85.35,44,17,7.72,Clouds
683,Kahramanmaras,TR,38.0,37.0,46.18,58,31,7.14,Clouds
684,Lockhart,US,28.6194,-81.4426,88.27,59,75,16.11,Clouds
685,Harper,LR,4.375,-7.7169,83.03,76,63,7.0,Rain
686,Porosozero,RU,62.7191,32.727,10.24,95,92,2.01,Clouds
687,Gilbues,BR,-9.8317,-45.3439,92.61,31,99,4.18,Clouds
688,Nhulunbuy,AU,-12.2333,136.7667,75.81,94,8,0.0,Clear
689,Svirstroy,RU,60.7999,33.7248,12.49,97,44,2.91,Clouds
690,Halifax,CA,44.6453,-63.5724,42.35,82,100,11.99,Clouds
691,Bridlington,GB,54.0831,-0.1919,40.89,55,16,22.66,Clouds
692,Saint Anthony,US,45.0205,-93.218,32.94,67,100,17.27,Clouds
693,Fare,PF,-16.7,-151.0167,81.73,68,18,12.91,Clouds
694,Bella Vista,US,36.4295,-94.2316,40.98,82,100,12.66,Clouds
695,Mizdah,LY,31.4451,12.9801,74.23,21,3,21.39,Clear
696,Taitung,TW,22.7583,121.1444,71.1,89,58,21.92,Clouds
697,Daru,PG,-9.0763,143.2092,76.28,90,98,8.21,Rain
698,Ca Mau,VN,9.1769,105.15,78.76,86,95,3.44,Clouds
